{"timeLimit":2000,"input":"Вам дана ASCII-арт картинка, то есть картинка, нарисованная символами. На ней есть наковальня, привязанная веревкой к потолку, и кот Том. \r\nВ первой строке даны числа $N$, $M$ ($4 \\leqslant N \\leqslant 100$, $1 \\leqslant M \\leqslant 100$).\r\nСледующие $N$ строк состоят из $M$ символов каждая, и представляют собой саму картинку. \r\nКартинка устроена следующим образом:\r\n\\begin{itemize}\r\n\\item Первые $K_1$ строк в одной и той же позиции $X_1$ стоит символ <<|>>, в остальных~--- пробел. Это веревка.\r\n\\item Следующие $K_2$ строк в одних и тех же позициях с $X_2$ по $X_3$ стоит символ <<\\#>>, в остальных~--- пробел. Это наковальня.\r\n\\item $2 \\times X_1 = X_2 + X_3$, то есть наковальня подвешена за середину.\r\n\\item Следующие $K_3$ строк содержат только пробелы. Это пустота между наковальней и котом.\r\n\\item Следующие $N - K_1 - K_2 - K_3$ строк содержат произвольные символы. Любой символ, кроме пробела~--- часть кота. Существует хотя бы один непробельный символ.\r\n\\end{itemize}\r\nЧисла $K_1$, $K_2$, $K_3$ и $N - K_1 - K_2 - K_3$ ненулевые.","sampleTests":[{"input":"13~29\r\n~~~~~~~~~~|~~~~~~~~~~~~~~~~~~\r\n~~~~~~~~~~|~~~~~~~~~~~~~~~~~~\r\n~~~~~~~~~~|~~~~~~~~~~~~~~~~~~\r\n~~~~\\#\\#\\#\\#\\#\\#\\#\\#\\#\\#\\#\\#\\#~~~~~~~~~~~~\r\n~~~~\\#\\#\\#\\#\\#\\#\\#\\#\\#\\#\\#\\#\\#~~~~~~~~~~~~\r\n~~~~\\#\\#\\#\\#\\#\\#\\#\\#\\#\\#\\#\\#\\#~~~~~~~~~~~~\r\n~~~~~~~~~~~~~~~~~~~~~~~~~~~~~\r\n~~~~~~~~~~~~~~~~~~~~~~~~~~~~~\r\n~~~~~~~~~~~~/\\textbackslash{}\\_/\\textbackslash{}~~~~~~~~~~~~\r\n~~~~~~~~~~~~>\\^{}.\\^{}<.---.~~~~~~~\r\n~~~~~~~~~~~\\_'-`-'~~~~~)\\textbackslash{}~~~~~\r\n~~~~~~~~~~(6--\\textbackslash{}~|--\\textbackslash{}~(`.`-.~~\r\n~~~~~~~~~~~~~~--'~~--'~~``-'~","output":"YES"},{"input":"16~30\r\n~~~~|~~~~~~~~~~~~~~~~~~~~~~~~~\r\n~\\#\\#\\#\\#\\#\\#\\#~~~~~~~~~~~~~~~~~~~~~~\r\n~\\#\\#\\#\\#\\#\\#\\#~~~~~~~~~~~~~~~~~~~~~~\r\n~\\#\\#\\#\\#\\#\\#\\#~~~~~~~~~~~~~~~~~~~~~~\r\n~\\#\\#\\#\\#\\#\\#\\#~~~~~~~~~~~~~~~~~~~~~~\r\n~~~~~~~~~~~~~~~~~~~~~~~~~~~~~~\r\n~~~~~~~~~~~~,~~~~~~~~~~~~~~~~~\r\n~~~~~~~~~~~\\textbackslash{})\\textbackslash{}\\_~~~~~~~~~~~~~~~\r\n~~~~~~~~~~/~~~~'.~.---.\\_~~~~~~\r\n~~~~~~~~=P~\\^{}~~~~~`~~~~~~'.~~~~\r\n~~~~~~~~~`--.~~~~~~~/~~~~~\\textbackslash{}~~~\r\n~~~~~~~~~.-'(~~~~~~~\\textbackslash{}~~~~~~|~~\r\n~~~~~~~~(.-'~~~)-..\\_\\_>~~~,~;~~\r\n~~~~~~~~(\\_.--``~~~~(\\_\\_.-/~/~~~\r\n~~~~~~~~~~~~~~~~.-.\\_\\_.-'.'~~~~\r\n~~~~~~~~~~~~~~~~~'-...-'~~~~~~\r\n","output":"NO"}],"legend":"В этой задаче мы снова возвращаемся в младшую группу детского сада <<Телепузики>>. Чтобы окончательно успокоить детей, воспитательница решила включить им мультик про Тома и Джерри. Серия, которую сейчас смотрят дети, довольно-таки незамысловата~--- в ней Джерри развесил по потолку комнаты наковальни на веревках. Когда Том оказывается под очередной наковальней, Джерри перерезает веревку. Наковальня падает на Тома, Тому больно, всем остальным весело, дети смеются. В общем, вполне обычная серия.\r\n\r\nА вам нужно по кадру из этой серии определить, упадет ли наковальня на Тома, если Джерри перережет веревку.\r\n","outputFile":"stdout","name":"Том и Джерри","authorName":"Oleg Mingalev","inputFile":"stdin","tutorial":"","language":"russian","notes":"","output":"Выведите <<YES>>, если при падении наковальня заденет Тома, в противном случае выведите <<NO>>.","authorLogin":"Captain","memoryLimit":67108864}