<?xml version="1.0" encoding="utf-8" standalone="no"?>
<problem revision="8" short-name="coats" url="https://polygon.codeforces.com/p/Captain/coats">
    <names>
        <name language="russian" value="Куртки"/>
    </names>
    <statements>
        <statement charset="UTF-8" language="russian" path="statements/russian/problem.tex" type="application/x-tex"/>
        <statement language="russian" path="statements/.pdf/russian/problem.pdf" type="application/pdf"/>
        <statement charset="UTF-8" language="russian" path="statements/.html/russian/problem.html" type="text/html"/>
    </statements>
    <judging cpu-name="Intel(R) Core(TM) i5-3470 CPU @ 3.20GHz" cpu-speed="3600" input-file="" output-file="">
        <testset name="tests">
            <time-limit>2000</time-limit>
            <memory-limit>67108864</memory-limit>
            <test-count>26</test-count>
            <input-path-pattern>tests/%02d</input-path-pattern>
            <answer-path-pattern>tests/%02d.a</answer-path-pattern>
            <tests>
                <test method="manual" sample="true"/>
                <test method="manual" sample="true"/>
                <test method="manual"/>
                <test method="manual"/>
                <test method="manual"/>
                <test cmd="gen 100 2 1" method="generated"/>
                <test cmd="gen 100 2 2" method="generated"/>
                <test cmd="gen 100 1.5 3" method="generated"/>
                <test cmd="gen 100 1.5 4" method="generated"/>
                <test cmd="gen 100 1.01 5" method="generated"/>
                <test cmd="gen 100 1.01 239" method="generated"/>
                <test cmd="gen 100 5 6" method="generated"/>
                <test cmd="gen 100000 1 7" method="generated"/>
                <test cmd="gen 100000 6 8" method="generated"/>
                <test cmd="gen 100000 1.001 9" method="generated"/>
                <test cmd="gen 100000 2.5 101" method="generated"/>
                <test cmd="gen 100000 2.5 102" method="generated"/>
                <test cmd="gen 100000 2.5 103" method="generated"/>
                <test cmd="gen 1000 2.5 10" method="generated"/>
                <test cmd="gen 1000 2.5 11" method="generated"/>
                <test cmd="gen 1000 2.5 12" method="generated"/>
                <test cmd="gen 1000 2.5 13" method="generated"/>
                <test method="manual"/>
                <test cmd="gen 1000 2.5 14" method="generated"/>
                <test cmd="gen 1000 2.5 15" method="generated"/>
                <test cmd="gen 1000 2.5 16" method="generated"/>
            </tests>
        </testset>
    </judging>
    <files>
        <resources>
            <file path="files/olymp.sty"/>
            <file path="files/problem.tex"/>
            <file path="files/statements.ftl"/>
            <file path="files/testlib.h" type="h.g++"/>
        </resources>
        <executables>
            <executable>
                <source path="files/gen.py" type="python.2"/>
                <binary path="files/gen.pys2" type="pythonx.2"/>
            </executable>
            <executable>
                <source path="files/validator.cpp" type="cpp.g++"/>
                <binary path="files/validator.exe" type="exe.win32"/>
            </executable>
        </executables>
    </files>
    <assets>
        <checker name="std::ncmp.cpp" type="testlib">
            <source path="files/check.cpp" type="cpp.g++"/>
            <binary path="check.exe" type="exe.win32"/>
            <copy path="check.cpp"/>
            <testset>
                <test-count>0</test-count>
                <input-path-pattern>files/tests/checker-tests/%02d</input-path-pattern>
                <output-path-pattern>files/tests/checker-tests/%02d.o</output-path-pattern>
                <answer-path-pattern>files/tests/checker-tests/%02d.a</answer-path-pattern>
                <tests/>
            </testset>
        </checker>
        <validators>
            <validator>
                <source path="files/validator.cpp" type="cpp.g++"/>
                <binary path="files/validator.exe" type="exe.win32"/>
                <testset>
                    <test-count>0</test-count>
                    <input-path-pattern>files/tests/validator-tests/%02d</input-path-pattern>
                    <tests/>
                </testset>
            </validator>
        </validators>
        <solutions>
            <solution tag="main">
                <source path="solutions/hl_correct.cpp" type="cpp.g++"/>
                <binary path="solutions/hl_correct.pys2" type="pythonx.2"/>
            </solution>
            <solution tag="accepted">
                <source path="solutions/hl_correct.py" type="python.2"/>
                <binary path="solutions/hl_correct.pys2" type="pythonx.2"/>
            </solution>
            <solution tag="accepted">
                <source path="solutions/moi_sol_pas.pas" type="pas.fpc"/>
                <binary path="solutions/moi_sol_pas.exe" type="exe.win32"/>
            </solution>
        </solutions>
    </assets>
    <properties>
        <property name="tests-wellformed" value="true"/>
    </properties>
    <stresses>
        <stress-count>0</stress-count>
        <stress-path-pattern>stresses/%03d</stress-path-pattern>
        <list/>
    </stresses>
    <documents>
        <document path="documents/description.txt" type="text/plain"/>
    </documents>
</problem>
