<?xml version="1.0" encoding="utf-8" standalone="no"?>
<contest url="https://polygon.codeforces.com/c/2577">
    <names>
        <name language="russian" value="Турнир Архимеда 2015"/>
    </names>
    <statements>
        <statement language="russian" type="application/pdf" url="https://polygon.codeforces.com/c/2577/russian/statements.pdf"/>
    </statements>
    <problems>
        <problem index="a" url="https://polygon.codeforces.com/p/Captain/physics"/>
        <problem index="b" url="https://polygon.codeforces.com/p/Captain/company"/>
        <problem index="c" url="https://polygon.codeforces.com/p/Captain/roscomnadzor"/>
        <problem index="d" url="https://polygon.codeforces.com/p/Captain/manhattan"/>
        <problem index="e" url="https://polygon.codeforces.com/p/Captain/elephant"/>
        <problem index="f" url="https://polygon.codeforces.com/p/Captain/tomandjerry"/>
        <problem index="g" url="https://polygon.codeforces.com/p/Captain/coats"/>
        <problem index="h" url="https://polygon.codeforces.com/p/Captain/dispatcher"/>
    </problems>
</contest>
