{"timeLimit":2000,"input":"Даны два числа $v$ и $u$~--- скорость поезда относительно Земли и скорость папы Максима относительно поезда соответственно. Обе скорости неотрицательны и не превышают скорости света (299~792~458 м/с).","sampleTests":[{"input":"120 35\r\n","output":"155\r\n"},{"input":"149896229 149896230\r\n","output":"299792458\r\n"}],"legend":"Теория относительности~--- штука сложная. Это Максим, семилетний сын одного известного физика, знает уже давно. Из отцовских объяснений Максим понял, что свет~--- это самая быстрая штуковина в мире. А если кажется, что что-то все-таки быстрее, чем свет, то на самом деле оно движется со скоростью, равной скорости света~--- 299~792~458 м/с. \r\n\r\nТак что по пути на море, убегая по поезду Москва-Адлер от чем-то очень недовольного папы, Максим совершенно не думал над тем, за что именно он сейчас получит и можно ли это было как-то предотвратить. Волновало его одно: с какой скоростью его папа бежит относительно Земли, если учесть теорию относительности? Поезд едет из Москвы в Адлер со скоростью $v$ м/c, а папа бежит за Максимом в сторону головы поезда со скоростью $u$ м/с относительно поезда. ","outputFile":"stdout","name":"Папа, я физик!","authorName":"Oleg Mingalev","inputFile":"stdin","tutorial":"","language":"russian","notes":"","output":"Выведите одно число~--- скорость папы Максима относительно Земли, найденную с учетом представлений Максима о теории относительности.","authorLogin":"Captain","memoryLimit":67108864}