<?xml version="1.0" encoding="utf-8" standalone="no"?>
<problem revision="5" short-name="company" url="https://polygon.codeforces.com/p/Captain/company">
    <names>
        <name language="russian" value="Детский сад"/>
    </names>
    <statements>
        <statement charset="UTF-8" language="russian" path="statements/russian/problem.tex" type="application/x-tex"/>
        <statement language="russian" path="statements/.pdf/russian/problem.pdf" type="application/pdf"/>
        <statement charset="UTF-8" language="russian" path="statements/.html/russian/problem.html" type="text/html"/>
    </statements>
    <judging cpu-name="Intel(R) Core(TM) i5-3470 CPU @ 3.20GHz" cpu-speed="3600" input-file="" output-file="">
        <testset name="tests">
            <time-limit>2000</time-limit>
            <memory-limit>67108864</memory-limit>
            <test-count>39</test-count>
            <input-path-pattern>tests/%02d</input-path-pattern>
            <answer-path-pattern>tests/%02d.a</answer-path-pattern>
            <tests>
                <test method="manual" sample="true"/>
                <test method="manual" sample="true"/>
                <test method="manual"/>
                <test method="manual"/>
                <test cmd="gen 10 1 1" method="generated"/>
                <test cmd="gen 10 1 2" method="generated"/>
                <test cmd="gen 10 1 3" method="generated"/>
                <test cmd="gen 10 1 4" method="generated"/>
                <test cmd="gen 10 2 5" method="generated"/>
                <test cmd="gen 10 2 6" method="generated"/>
                <test cmd="gen 15 1 7" method="generated"/>
                <test cmd="gen 15 2 z" method="generated"/>
                <test cmd="gen 100 1 10" method="generated"/>
                <test cmd="gen 100 1 11" method="generated"/>
                <test cmd="gen 100 2 12" method="generated"/>
                <test cmd="gen 100 5 13" method="generated"/>
                <test cmd="gen 100 10 14" method="generated"/>
                <test cmd="gen 1000 1 101" method="generated"/>
                <test cmd="gen 1000 1 102" method="generated"/>
                <test cmd="gen 1000 1 103" method="generated"/>
                <test cmd="gen 1000 1 104" method="generated"/>
                <test cmd="gen 1000 1 105" method="generated"/>
                <test cmd="gen 1000 2 106" method="generated"/>
                <test cmd="gen 1000 2 107" method="generated"/>
                <test cmd="gen 1000 2 108" method="generated"/>
                <test cmd="gen 1000 10 109" method="generated"/>
                <test cmd="gen 1000 50 110" method="generated"/>
                <test cmd="gen_ordered 100 1 212" method="generated"/>
                <test cmd="gen_ordered 1000 1 300" method="generated"/>
                <test cmd="gen_ordered 1000 1 301" method="generated"/>
                <test cmd="gen_ordered 10 0 302" method="generated"/>
                <test cmd="gen_ordered 1000 0 303" method="generated"/>
                <test cmd="gen_ordered 10 -1 304" method="generated"/>
                <test cmd="gen_ordered 1000 -1 515" method="generated"/>
                <test cmd="gen_ordered 20 3 516" method="generated"/>
                <test cmd="gen_ordered 20 3 517" method="generated"/>
                <test cmd="gen_ordered 100 3 518" method="generated"/>
                <test cmd="gen_ordered 100 3 519" method="generated"/>
                <test cmd="gen_ordered 1000 3 520" method="generated"/>
            </tests>
        </testset>
    </judging>
    <files>
        <resources>
            <file path="files/olymp.sty"/>
            <file path="files/problem.tex"/>
            <file path="files/statements.ftl"/>
            <file path="files/testlib.h" type="h.g++"/>
        </resources>
        <executables>
            <executable>
                <source path="files/gen.py" type="python.2"/>
                <binary path="files/gen.pys2" type="pythonx.2"/>
            </executable>
            <executable>
                <source path="files/gen_ordered.py" type="python.2"/>
                <binary path="files/gen_ordered.pys2" type="pythonx.2"/>
            </executable>
            <executable>
                <source path="files/validator.cpp" type="cpp.g++"/>
                <binary path="files/validator.exe" type="exe.win32"/>
            </executable>
        </executables>
    </files>
    <assets>
        <checker name="std::yesno.cpp" type="testlib">
            <source path="files/check.cpp" type="cpp.g++"/>
            <binary path="check.exe" type="exe.win32"/>
            <copy path="check.cpp"/>
            <testset>
                <test-count>0</test-count>
                <input-path-pattern>files/tests/checker-tests/%02d</input-path-pattern>
                <output-path-pattern>files/tests/checker-tests/%02d.o</output-path-pattern>
                <answer-path-pattern>files/tests/checker-tests/%02d.a</answer-path-pattern>
                <tests/>
            </testset>
        </checker>
        <validators>
            <validator>
                <source path="files/validator.cpp" type="cpp.g++"/>
                <binary path="files/validator.exe" type="exe.win32"/>
                <testset>
                    <test-count>0</test-count>
                    <input-path-pattern>files/tests/validator-tests/%02d</input-path-pattern>
                    <tests/>
                </testset>
            </validator>
        </validators>
        <solutions>
            <solution tag="main">
                <source path="solutions/hl_correct.py" type="python.2"/>
                <binary path="solutions/hl_correct.pys2" type="pythonx.2"/>
            </solution>
            <solution tag="accepted">
                <source path="solutions/hl_correct_no_sorting.pas" type="pas.fpc"/>
                <binary path="solutions/hl_correct_no_sorting.exe" type="exe.win32"/>
            </solution>
            <solution tag="accepted">
                <source path="solutions/moi_sol_cpp.cpp" type="cpp.g++"/>
                <binary path="solutions/moi_sol_cpp.exe" type="exe.win32"/>
            </solution>
        </solutions>
    </assets>
    <properties>
        <property name="tests-wellformed" value="true"/>
    </properties>
    <stresses>
        <stress-count>0</stress-count>
        <stress-path-pattern>stresses/%03d</stress-path-pattern>
        <list/>
    </stresses>
    <documents>
        <document path="documents/description.txt" type="text/plain"/>
    </documents>
</problem>
