<?xml version="1.0" encoding="utf-8" standalone="no"?>
<problem revision="5" short-name="roscomnadzor" url="https://polygon.codeforces.com/p/Captain/roscomnadzor">
    <names>
        <name language="russian" value="Слова не пройдут"/>
    </names>
    <statements>
        <statement charset="UTF-8" language="russian" path="statements/russian/problem.tex" type="application/x-tex"/>
        <statement language="russian" path="statements/.pdf/russian/problem.pdf" type="application/pdf"/>
        <statement charset="UTF-8" language="russian" path="statements/.html/russian/problem.html" type="text/html"/>
    </statements>
    <judging cpu-name="Intel(R) Core(TM) i5-3470 CPU @ 3.20GHz" cpu-speed="3600" input-file="" output-file="">
        <testset name="tests">
            <time-limit>2000</time-limit>
            <memory-limit>67108864</memory-limit>
            <test-count>22</test-count>
            <input-path-pattern>tests/%02d</input-path-pattern>
            <answer-path-pattern>tests/%02d.a</answer-path-pattern>
            <tests>
                <test method="manual" sample="true"/>
                <test method="manual" sample="true"/>
                <test method="manual" sample="true"/>
                <test method="manual" sample="true"/>
                <test method="manual"/>
                <test method="manual"/>
                <test method="manual"/>
                <test method="manual"/>
                <test method="manual"/>
                <test method="manual"/>
                <test method="manual"/>
                <test method="manual"/>
                <test method="manual"/>
                <test method="manual"/>
                <test method="manual"/>
                <test method="manual"/>
                <test method="manual"/>
                <test method="manual"/>
                <test method="manual"/>
                <test method="manual"/>
                <test method="manual"/>
                <test method="manual"/>
            </tests>
        </testset>
    </judging>
    <files>
        <resources>
            <file path="files/olymp.sty"/>
            <file path="files/problem.tex"/>
            <file path="files/statements.ftl"/>
            <file path="files/testlib.h" type="h.g++"/>
        </resources>
        <executables>
            <executable>
                <source path="files/validator.cpp" type="cpp.g++"/>
                <binary path="files/validator.exe" type="exe.win32"/>
            </executable>
        </executables>
    </files>
    <assets>
        <checker name="std::yesno.cpp" type="testlib">
            <source path="files/check.cpp" type="cpp.g++"/>
            <binary path="check.exe" type="exe.win32"/>
            <copy path="check.cpp"/>
            <testset>
                <test-count>0</test-count>
                <input-path-pattern>files/tests/checker-tests/%02d</input-path-pattern>
                <output-path-pattern>files/tests/checker-tests/%02d.o</output-path-pattern>
                <answer-path-pattern>files/tests/checker-tests/%02d.a</answer-path-pattern>
                <tests/>
            </testset>
        </checker>
        <validators>
            <validator>
                <source path="files/validator.cpp" type="cpp.g++"/>
                <binary path="files/validator.exe" type="exe.win32"/>
                <testset>
                    <test-count>0</test-count>
                    <input-path-pattern>files/tests/validator-tests/%02d</input-path-pattern>
                    <tests/>
                </testset>
            </validator>
        </validators>
        <solutions>
            <solution tag="accepted">
                <source path="solutions/at_roscomnadzor.py" type="python.3"/>
                <binary path="solutions/at_roscomnadzor.pys3" type="pythonx.3"/>
            </solution>
            <solution tag="main">
                <source path="solutions/at_roskomnadzor.cpp" type="cpp.g++"/>
                <binary path="solutions/at_roskomnadzor.exe" type="exe.win32"/>
            </solution>
            <solution tag="accepted">
                <source path="solutions/moi_sol.pas" type="pas.fpc"/>
                <binary path="solutions/moi_sol.exe" type="exe.win32"/>
            </solution>
        </solutions>
    </assets>
    <properties>
        <property name="tests-wellformed" value="true"/>
    </properties>
    <stresses>
        <stress-count>0</stress-count>
        <stress-path-pattern>stresses/%03d</stress-path-pattern>
        <list/>
    </stresses>
    <documents>
        <document path="documents/description.txt" type="text/plain"/>
    </documents>
</problem>
