{"timeLimit":2000,"input":"В первой строке даны три целых числа $n$, $b$, $f$ ~--- количество самолетов ($1 \\leqslant n \\leqslant 1000$), время, которое занимает посадка и время, которое занимает один круг над аэропортом ($1 \\leqslant b, f \\leqslant 10^9$).\r\nВ следующей строке дано $n$ целых чисел $t_i$~--- времена прибытия самолетов, перечисленные в произвольном порядке ($0 \\leqslant t_i \\leqslant 10^9$).","sampleTests":[{"input":"10 5 12\r\n13 0 1 10 20 20 2 1 10 20\r\n","output":"79\r\n"}],"legend":"Максим вырос, разочаровался в большой науке и теперь работает авиадиспетчером. Каждый день он делает очень важное и ответственное дело: сажает самолеты. \r\n\r\nЭтот процесс не такой уж сложный, как может показаться на первый взгляд. В аэропорту, в котором работает Максим, всего одна посадочная полоса, поэтому самолеты должны садиться по очереди. Посадка занимает $b$ минут. Если самолет прилетел, а посадочная полоса занята, его можно отправить пролететь один или несколько дополнительных кругов над аэропортом. Один круг занимает $f$ минут. \r\n\r\nСегодня в аэропорт должны прилететь $n$ самолетов, известно время прилета каждого из них. Сколько продлится рабочий день Максима, если все, что он должен сделать за день~--- это без аварий посадить все самолеты как можно быстрее?","outputFile":"stdout","name":"Мама, я диспетчер!","authorName":"Oleg Mingalev","inputFile":"stdin","tutorial":"","language":"russian","notes":"","output":"Выведите одно число: минимальное время, за которое можно посадить все самолеты.","authorLogin":"Captain","memoryLimit":67108864}